{"accuracy": [0.05454545468091965, 0.04545454680919647, 0.08181817829608917, 0.10000000149011612, 0.04545454680919647, 0.06363636255264282, 0.06363636255264282, 0.05454545468091965, 0.072727270424366, 0.11818181723356247], "loss": [3.0149128437042236, 3.046126127243042, 2.994053602218628, 3.015479326248169, 3.0269787311553955, 3.005157232284546, 3.0127224922180176, 3.0062525272369385, 2.9959661960601807, 2.978245973587036], "val_accuracy": [0.0181818176060915, 0.036363635212183, 0.06363636255264282, 0.0181818176060915, 0.072727270424366, 0.06363636255264282, 0.0181818176060915, 0.06363636255264282, 0.08181817829608917, 0.08181817829608917], "val_loss": [3.0413014888763428, 3.0253233909606934, 3.0261969566345215, 3.0291457176208496, 3.0161659717559814, 3.0144309997558594, 3.0443551540374756, 3.020165205001831, 3.0275230407714844, 3.0065855979919434]}